experiment_id,git_commit,config_hash,calibration_version,policy,seed,condition,calibration_window,calibration_n,threshold,evaluation_n,alarm_count,run_far,in_band,cal_mean,cal_sd,eval_mean,eval_sd,drift,threshold_margin,raw_artifact,result_artifact,raw_sha256
E18-R1,6383676a3491dc82d70f2db20cdafb942e5c588a,2e45b38009592e50,R1-v2-runlocal,P1,20261001,clean,ticks 1-200,200,3.726448,200,0,0.000000,False,3.685298,0.021399,3.684483,0.008077,-0.000815,-0.041965,raw_results/clean_runlocal.json,processed_results/comparison.json,eeade060244f77bb38f9fffdfa9f97294af54c7755a8316561d052b0f558c932
E18-R1,6383676a3491dc82d70f2db20cdafb942e5c588a,2e45b38009592e50,R1-v2-runlocal,P1,20261002,clean,ticks 1-200,200,3.768435,200,0,0.000000,False,3.693834,0.041217,3.693446,0.008347,-0.000388,-0.074989,raw_results/clean_runlocal.json,processed_results/comparison.json,eeade060244f77bb38f9fffdfa9f97294af54c7755a8316561d052b0f558c932
E18-R1,6383676a3491dc82d70f2db20cdafb942e5c588a,2e45b38009592e50,R1-v2-runlocal,P1,20261003,clean,ticks 1-200,200,3.703759,200,2,0.010000,False,3.684486,0.016431,3.685010,0.007983,0.000524,-0.018749,raw_results/clean_runlocal.json,processed_results/comparison.json,eeade060244f77bb38f9fffdfa9f97294af54c7755a8316561d052b0f558c932
E18-R1,6383676a3491dc82d70f2db20cdafb942e5c588a,2e45b38009592e50,R1-v2-runlocal,P1,20261004,clean,ticks 1-200,200,3.771124,200,0,0.000000,False,3.684191,0.043655,3.688483,0.008782,0.004292,-0.082641,raw_results/clean_runlocal.json,processed_results/comparison.json,eeade060244f77bb38f9fffdfa9f97294af54c7755a8316561d052b0f558c932
E18-R1,6383676a3491dc82d70f2db20cdafb942e5c588a,2e45b38009592e50,R1-v2-runlocal,P1,20261005,clean,ticks 1-200,200,3.729140,200,0,0.000000,False,3.685744,0.021326,3.687387,0.008092,0.001642,-0.041754,raw_results/clean_runlocal.json,processed_results/comparison.json,eeade060244f77bb38f9fffdfa9f97294af54c7755a8316561d052b0f558c932
E18-R1,6383676a3491dc82d70f2db20cdafb942e5c588a,2e45b38009592e50,R1-v2-runlocal,P1,20261006,clean,ticks 1-200,200,3.718688,200,0,0.000000,False,3.683600,0.025360,3.688101,0.008078,0.004501,-0.030587,raw_results/clean_runlocal.json,processed_results/comparison.json,eeade060244f77bb38f9fffdfa9f97294af54c7755a8316561d052b0f558c932
E18-R1,6383676a3491dc82d70f2db20cdafb942e5c588a,2e45b38009592e50,R1-v2-runlocal,P1,20261007,clean,ticks 1-200,200,3.763513,200,0,0.000000,False,3.683999,0.037045,3.684436,0.007493,0.000437,-0.079077,raw_results/clean_runlocal.json,processed_results/comparison.json,eeade060244f77bb38f9fffdfa9f97294af54c7755a8316561d052b0f558c932
E18-R1,6383676a3491dc82d70f2db20cdafb942e5c588a,2e45b38009592e50,R1-v2-runlocal,P1,20261008,clean,ticks 1-200,200,3.739172,200,0,0.000000,False,3.681806,0.037538,3.684147,0.009482,0.002341,-0.055025,raw_results/clean_runlocal.json,processed_results/comparison.json,eeade060244f77bb38f9fffdfa9f97294af54c7755a8316561d052b0f558c932
E18-R1,6383676a3491dc82d70f2db20cdafb942e5c588a,2e45b38009592e50,R1-v2-runlocal,P1,20261009,clean,ticks 1-200,200,3.700001,200,13,0.065000,True,3.684116,0.015561,3.686865,0.008504,0.002749,-0.013137,raw_results/clean_runlocal.json,processed_results/comparison.json,eeade060244f77bb38f9fffdfa9f97294af54c7755a8316561d052b0f558c932
E18-R1,6383676a3491dc82d70f2db20cdafb942e5c588a,2e45b38009592e50,R1-v2-runlocal,P1,20261010,clean,ticks 1-200,200,3.723941,200,0,0.000000,False,3.692463,0.023783,3.692687,0.008669,0.000224,-0.031254,raw_results/clean_runlocal.json,processed_results/comparison.json,eeade060244f77bb38f9fffdfa9f97294af54c7755a8316561d052b0f558c932
E18-R1,6383676a3491dc82d70f2db20cdafb942e5c588a,2e45b38009592e50,R1-v2-runlocal,P1,20261011,clean,ticks 1-200,200,3.712293,200,3,0.015000,False,3.693403,0.016292,3.693087,0.009479,-0.000316,-0.019206,raw_results/clean_runlocal.json,processed_results/comparison.json,eeade060244f77bb38f9fffdfa9f97294af54c7755a8316561d052b0f558c932
E18-R1,6383676a3491dc82d70f2db20cdafb942e5c588a,2e45b38009592e50,R1-v2-runlocal,P1,20261012,clean,ticks 1-200,200,3.703313,200,2,0.010000,False,3.683337,0.019048,3.686374,0.007684,0.003037,-0.016939,raw_results/clean_runlocal.json,processed_results/comparison.json,eeade060244f77bb38f9fffdfa9f97294af54c7755a8316561d052b0f558c932
E18-R1,6383676a3491dc82d70f2db20cdafb942e5c588a,2e45b38009592e50,R1-v2-runlocal,P1,20261013,clean,ticks 1-200,200,3.704546,200,7,0.035000,True,3.686713,0.018598,3.688689,0.009834,0.001977,-0.015857,raw_results/clean_runlocal.json,processed_results/comparison.json,eeade060244f77bb38f9fffdfa9f97294af54c7755a8316561d052b0f558c932
E18-R1,6383676a3491dc82d70f2db20cdafb942e5c588a,2e45b38009592e50,R1-v2-runlocal,P1,20261014,clean,ticks 1-200,200,3.718594,200,0,0.000000,False,3.684885,0.022122,3.685956,0.010035,0.001071,-0.032639,raw_results/clean_runlocal.json,processed_results/comparison.json,eeade060244f77bb38f9fffdfa9f97294af54c7755a8316561d052b0f558c932
E18-R1,6383676a3491dc82d70f2db20cdafb942e5c588a,2e45b38009592e50,R1-v2-runlocal,P1,20261015,clean,ticks 1-200,200,3.720204,200,0,0.000000,False,3.683455,0.023613,3.685961,0.008056,0.002507,-0.034242,raw_results/clean_runlocal.json,processed_results/comparison.json,eeade060244f77bb38f9fffdfa9f97294af54c7755a8316561d052b0f558c932
E18-R1,6383676a3491dc82d70f2db20cdafb942e5c588a,2e45b38009592e50,R1-v2-runlocal,P1,20261016,clean,ticks 1-200,200,3.701228,200,13,0.065000,True,3.682114,0.018165,3.686178,0.010153,0.004063,-0.015050,raw_results/clean_runlocal.json,processed_results/comparison.json,eeade060244f77bb38f9fffdfa9f97294af54c7755a8316561d052b0f558c932
E18-R1,6383676a3491dc82d70f2db20cdafb942e5c588a,2e45b38009592e50,R1-v2-runlocal,P1,20261017,clean,ticks 1-200,200,3.721992,200,0,0.000000,False,3.680933,0.027973,3.685856,0.008528,0.004923,-0.036136,raw_results/clean_runlocal.json,processed_results/comparison.json,eeade060244f77bb38f9fffdfa9f97294af54c7755a8316561d052b0f558c932
E18-R1,6383676a3491dc82d70f2db20cdafb942e5c588a,2e45b38009592e50,R1-v2-runlocal,P1,20261018,clean,ticks 1-200,200,3.728030,200,0,0.000000,False,3.685585,0.026066,3.687511,0.010428,0.001926,-0.040519,raw_results/clean_runlocal.json,processed_results/comparison.json,eeade060244f77bb38f9fffdfa9f97294af54c7755a8316561d052b0f558c932
E18-R1,6383676a3491dc82d70f2db20cdafb942e5c588a,2e45b38009592e50,R1-v2-runlocal,P1,20261019,clean,ticks 1-200,200,3.785291,200,0,0.000000,False,3.684534,0.042305,3.686079,0.007603,0.001545,-0.099212,raw_results/clean_runlocal.json,processed_results/comparison.json,eeade060244f77bb38f9fffdfa9f97294af54c7755a8316561d052b0f558c932
E18-R1,6383676a3491dc82d70f2db20cdafb942e5c588a,2e45b38009592e50,R1-v2-runlocal,P1,20261020,clean,ticks 1-200,200,3.718894,200,0,0.000000,False,3.688269,0.026028,3.688711,0.010002,0.000442,-0.030183,raw_results/clean_runlocal.json,processed_results/comparison.json,eeade060244f77bb38f9fffdfa9f97294af54c7755a8316561d052b0f558c932
E18-R1,6383676a3491dc82d70f2db20cdafb942e5c588a,2e45b38009592e50,R1-v2-runlocal,P1,20261021,clean,ticks 1-200,200,3.727057,200,0,0.000000,False,3.694022,0.022150,3.694218,0.009182,0.000196,-0.032839,raw_results/clean_runlocal.json,processed_results/comparison.json,eeade060244f77bb38f9fffdfa9f97294af54c7755a8316561d052b0f558c932
E18-R1,6383676a3491dc82d70f2db20cdafb942e5c588a,2e45b38009592e50,R1-v2-runlocal,P1,20261022,clean,ticks 1-200,200,3.759757,200,0,0.000000,False,3.696589,0.042237,3.695473,0.011357,-0.001116,-0.064284,raw_results/clean_runlocal.json,processed_results/comparison.json,eeade060244f77bb38f9fffdfa9f97294af54c7755a8316561d052b0f558c932
E18-R1,6383676a3491dc82d70f2db20cdafb942e5c588a,2e45b38009592e50,R1-v2-runlocal,P1,20261023,clean,ticks 1-200,200,3.705200,200,3,0.015000,False,3.681528,0.020688,3.685419,0.009740,0.003891,-0.019780,raw_results/clean_runlocal.json,processed_results/comparison.json,eeade060244f77bb38f9fffdfa9f97294af54c7755a8316561d052b0f558c932
E18-R1,6383676a3491dc82d70f2db20cdafb942e5c588a,2e45b38009592e50,R1-v2-runlocal,P1,20261024,clean,ticks 1-200,200,3.713305,200,0,0.000000,False,3.684212,0.022231,3.686557,0.008726,0.002346,-0.026748,raw_results/clean_runlocal.json,processed_results/comparison.json,eeade060244f77bb38f9fffdfa9f97294af54c7755a8316561d052b0f558c932
E18-R1,6383676a3491dc82d70f2db20cdafb942e5c588a,2e45b38009592e50,R1-v2-runlocal,P1,20261025,clean,ticks 1-200,200,3.753689,200,0,0.000000,False,3.691751,0.033479,3.690933,0.009881,-0.000819,-0.062757,raw_results/clean_runlocal.json,processed_results/comparison.json,eeade060244f77bb38f9fffdfa9f97294af54c7755a8316561d052b0f558c932
E18-R1,6383676a3491dc82d70f2db20cdafb942e5c588a,2e45b38009592e50,R1-v2-runlocal,P1,20261026,clean,ticks 1-200,200,3.714059,200,0,0.000000,False,3.681284,0.025671,3.684922,0.010360,0.003638,-0.029137,raw_results/clean_runlocal.json,processed_results/comparison.json,eeade060244f77bb38f9fffdfa9f97294af54c7755a8316561d052b0f558c932
E18-R1,6383676a3491dc82d70f2db20cdafb942e5c588a,2e45b38009592e50,R1-v2-runlocal,P1,20261027,clean,ticks 1-200,200,3.747338,200,0,0.000000,False,3.686404,0.031281,3.683887,0.008750,-0.002517,-0.063451,raw_results/clean_runlocal.json,processed_results/comparison.json,eeade060244f77bb38f9fffdfa9f97294af54c7755a8316561d052b0f558c932
E18-R1,6383676a3491dc82d70f2db20cdafb942e5c588a,2e45b38009592e50,R1-v2-runlocal,P1,20261028,clean,ticks 1-200,200,3.782049,200,0,0.000000,False,3.690633,0.043041,3.691177,0.011568,0.000544,-0.090873,raw_results/clean_runlocal.json,processed_results/comparison.json,eeade060244f77bb38f9fffdfa9f97294af54c7755a8316561d052b0f558c932
E18-R1,6383676a3491dc82d70f2db20cdafb942e5c588a,2e45b38009592e50,R1-v2-runlocal,P1,20261029,clean,ticks 1-200,200,3.714927,200,0,0.000000,False,3.680842,0.025009,3.684848,0.009057,0.004006,-0.030079,raw_results/clean_runlocal.json,processed_results/comparison.json,eeade060244f77bb38f9fffdfa9f97294af54c7755a8316561d052b0f558c932
E18-R1,6383676a3491dc82d70f2db20cdafb942e5c588a,2e45b38009592e50,R1-v2-runlocal,P1,20261030,clean,ticks 1-200,200,3.712246,200,0,0.000000,False,3.685190,0.017212,3.684359,0.008095,-0.000830,-0.027887,raw_results/clean_runlocal.json,processed_results/comparison.json,eeade060244f77bb38f9fffdfa9f97294af54c7755a8316561d052b0f558c932
E18-R1,6383676a3491dc82d70f2db20cdafb942e5c588a,2e45b38009592e50,R1-v2-runlocal,P3,20261001,clean,ticks 1-200,200,3.391592,200,1,0.005000,False,3.376522,0.014152,3.377246,0.003012,0.000723,-0.014346,raw_results/clean_runlocal.json,processed_results/comparison.json,eeade060244f77bb38f9fffdfa9f97294af54c7755a8316561d052b0f558c932
E18-R1,6383676a3491dc82d70f2db20cdafb942e5c588a,2e45b38009592e50,R1-v2-runlocal,P3,20261002,clean,ticks 1-200,200,3.420740,200,0,0.000000,False,3.399439,0.014535,3.391862,0.002983,-0.007578,-0.028879,raw_results/clean_runlocal.json,processed_results/comparison.json,eeade060244f77bb38f9fffdfa9f97294af54c7755a8316561d052b0f558c932
E18-R1,6383676a3491dc82d70f2db20cdafb942e5c588a,2e45b38009592e50,R1-v2-runlocal,P3,20261003,clean,ticks 1-200,200,3.385756,200,13,0.065000,True,3.377392,0.012197,3.379989,0.004160,0.002597,-0.005767,raw_results/clean_runlocal.json,processed_results/comparison.json,eeade060244f77bb38f9fffdfa9f97294af54c7755a8316561d052b0f558c932
E18-R1,6383676a3491dc82d70f2db20cdafb942e5c588a,2e45b38009592e50,R1-v2-runlocal,P3,20261004,clean,ticks 1-200,200,3.405357,200,0,0.000000,False,3.386123,0.014557,3.383769,0.002918,-0.002354,-0.021588,raw_results/clean_runlocal.json,processed_results/comparison.json,eeade060244f77bb38f9fffdfa9f97294af54c7755a8316561d052b0f558c932
E18-R1,6383676a3491dc82d70f2db20cdafb942e5c588a,2e45b38009592e50,R1-v2-runlocal,P3,20261005,clean,ticks 1-200,200,3.394006,200,0,0.000000,False,3.382649,0.012428,3.382107,0.002326,-0.000542,-0.011899,raw_results/clean_runlocal.json,processed_results/comparison.json,eeade060244f77bb38f9fffdfa9f97294af54c7755a8316561d052b0f558c932
E18-R1,6383676a3491dc82d70f2db20cdafb942e5c588a,2e45b38009592e50,R1-v2-runlocal,P3,20261006,clean,ticks 1-200,200,3.399625,200,0,0.000000,False,3.385528,0.014633,3.384859,0.002361,-0.000669,-0.014766,raw_results/clean_runlocal.json,processed_results/comparison.json,eeade060244f77bb38f9fffdfa9f97294af54c7755a8316561d052b0f558c932
E18-R1,6383676a3491dc82d70f2db20cdafb942e5c588a,2e45b38009592e50,R1-v2-runlocal,P3,20261007,clean,ticks 1-200,200,3.388804,200,5,0.025000,True,3.375477,0.012507,3.376459,0.003689,0.000982,-0.012345,raw_results/clean_runlocal.json,processed_results/comparison.json,eeade060244f77bb38f9fffdfa9f97294af54c7755a8316561d052b0f558c932
E18-R1,6383676a3491dc82d70f2db20cdafb942e5c588a,2e45b38009592e50,R1-v2-runlocal,P3,20261008,clean,ticks 1-200,200,3.390346,200,1,0.005000,False,3.374993,0.013822,3.376146,0.003370,0.001153,-0.014200,raw_results/clean_runlocal.json,processed_results/comparison.json,eeade060244f77bb38f9fffdfa9f97294af54c7755a8316561d052b0f558c932
E18-R1,6383676a3491dc82d70f2db20cdafb942e5c588a,2e45b38009592e50,R1-v2-runlocal,P3,20261009,clean,ticks 1-200,200,3.389246,200,6,0.030000,True,3.380103,0.011945,3.381516,0.002838,0.001413,-0.007730,raw_results/clean_runlocal.json,processed_results/comparison.json,eeade060244f77bb38f9fffdfa9f97294af54c7755a8316561d052b0f558c932
E18-R1,6383676a3491dc82d70f2db20cdafb942e5c588a,2e45b38009592e50,R1-v2-runlocal,P3,20261010,clean,ticks 1-200,200,3.417172,200,0,0.000000,False,3.401485,0.014436,3.395574,0.003348,-0.005911,-0.021598,raw_results/clean_runlocal.json,processed_results/comparison.json,eeade060244f77bb38f9fffdfa9f97294af54c7755a8316561d052b0f558c932
E18-R1,6383676a3491dc82d70f2db20cdafb942e5c588a,2e45b38009592e50,R1-v2-runlocal,P3,20261011,clean,ticks 1-200,200,3.410522,200,1,0.005000,False,3.399475,0.012048,3.393360,0.003269,-0.006115,-0.017162,raw_results/clean_runlocal.json,processed_results/comparison.json,eeade060244f77bb38f9fffdfa9f97294af54c7755a8316561d052b0f558c932
E18-R1,6383676a3491dc82d70f2db20cdafb942e5c588a,2e45b38009592e50,R1-v2-runlocal,P3,20261012,clean,ticks 1-200,200,3.389144,200,9,0.045000,True,3.379947,0.012658,3.382461,0.003733,0.002513,-0.006683,raw_results/clean_runlocal.json,processed_results/comparison.json,eeade060244f77bb38f9fffdfa9f97294af54c7755a8316561d052b0f558c932
E18-R1,6383676a3491dc82d70f2db20cdafb942e5c588a,2e45b38009592e50,R1-v2-runlocal,P3,20261013,clean,ticks 1-200,200,3.398909,200,5,0.025000,True,3.387171,0.012084,3.386112,0.004139,-0.001059,-0.012797,raw_results/clean_runlocal.json,processed_results/comparison.json,eeade060244f77bb38f9fffdfa9f97294af54c7755a8316561d052b0f558c932
E18-R1,6383676a3491dc82d70f2db20cdafb942e5c588a,2e45b38009592e50,R1-v2-runlocal,P3,20261014,clean,ticks 1-200,200,3.391933,200,5,0.025000,True,3.380260,0.013566,3.381237,0.003292,0.000977,-0.010696,raw_results/clean_runlocal.json,processed_results/comparison.json,eeade060244f77bb38f9fffdfa9f97294af54c7755a8316561d052b0f558c932
E18-R1,6383676a3491dc82d70f2db20cdafb942e5c588a,2e45b38009592e50,R1-v2-runlocal,P3,20261015,clean,ticks 1-200,200,3.388547,200,3,0.015000,False,3.377464,0.011871,3.378940,0.002702,0.001476,-0.009607,raw_results/clean_runlocal.json,processed_results/comparison.json,eeade060244f77bb38f9fffdfa9f97294af54c7755a8316561d052b0f558c932
E18-R1,6383676a3491dc82d70f2db20cdafb942e5c588a,2e45b38009592e50,R1-v2-runlocal,P3,20261016,clean,ticks 1-200,200,3.388580,200,5,0.025000,True,3.377742,0.012259,3.379495,0.003479,0.001753,-0.009085,raw_results/clean_runlocal.json,processed_results/comparison.json,eeade060244f77bb38f9fffdfa9f97294af54c7755a8316561d052b0f558c932
E18-R1,6383676a3491dc82d70f2db20cdafb942e5c588a,2e45b38009592e50,R1-v2-runlocal,P3,20261017,clean,ticks 1-200,200,3.395638,200,3,0.015000,False,3.381087,0.016426,3.382240,0.004307,0.001154,-0.013398,raw_results/clean_runlocal.json,processed_results/comparison.json,eeade060244f77bb38f9fffdfa9f97294af54c7755a8316561d052b0f558c932
E18-R1,6383676a3491dc82d70f2db20cdafb942e5c588a,2e45b38009592e50,R1-v2-runlocal,P3,20261018,clean,ticks 1-200,200,3.400981,200,0,0.000000,False,3.383355,0.014408,3.383020,0.003090,-0.000335,-0.017961,raw_results/clean_runlocal.json,processed_results/comparison.json,eeade060244f77bb38f9fffdfa9f97294af54c7755a8316561d052b0f558c932
E18-R1,6383676a3491dc82d70f2db20cdafb942e5c588a,2e45b38009592e50,R1-v2-runlocal,P3,20261019,clean,ticks 1-200,200,3.391699,200,1,0.005000,False,3.377584,0.013434,3.377869,0.002846,0.000285,-0.013830,raw_results/clean_runlocal.json,processed_results/comparison.json,eeade060244f77bb38f9fffdfa9f97294af54c7755a8316561d052b0f558c932
E18-R1,6383676a3491dc82d70f2db20cdafb942e5c588a,2e45b38009592e50,R1-v2-runlocal,P3,20261020,clean,ticks 1-200,200,3.410786,200,2,0.010000,False,3.395105,0.014283,3.392585,0.004098,-0.002520,-0.018202,raw_results/clean_runlocal.json,processed_results/comparison.json,eeade060244f77bb38f9fffdfa9f97294af54c7755a8316561d052b0f558c932
E18-R1,6383676a3491dc82d70f2db20cdafb942e5c588a,2e45b38009592e50,R1-v2-runlocal,P3,20261021,clean,ticks 1-200,200,3.424649,200,0,0.000000,False,3.404201,0.013720,3.396258,0.003723,-0.007944,-0.028391,raw_results/clean_runlocal.json,processed_results/comparison.json,eeade060244f77bb38f9fffdfa9f97294af54c7755a8316561d052b0f558c932
E18-R1,6383676a3491dc82d70f2db20cdafb942e5c588a,2e45b38009592e50,R1-v2-runlocal,P3,20261022,clean,ticks 1-200,200,3.430808,200,0,0.000000,False,3.406857,0.014675,3.398362,0.004040,-0.008495,-0.032446,raw_results/clean_runlocal.json,processed_results/comparison.json,eeade060244f77bb38f9fffdfa9f97294af54c7755a8316561d052b0f558c932
E18-R1,6383676a3491dc82d70f2db20cdafb942e5c588a,2e45b38009592e50,R1-v2-runlocal,P3,20261023,clean,ticks 1-200,200,3.386522,200,6,0.030000,True,3.376288,0.012346,3.379368,0.003571,0.003080,-0.007154,raw_results/clean_runlocal.json,processed_results/comparison.json,eeade060244f77bb38f9fffdfa9f97294af54c7755a8316561d052b0f558c932
E18-R1,6383676a3491dc82d70f2db20cdafb942e5c588a,2e45b38009592e50,R1-v2-runlocal,P3,20261024,clean,ticks 1-200,200,3.391940,200,4,0.020000,False,3.379391,0.013665,3.381122,0.002873,0.001730,-0.010819,raw_results/clean_runlocal.json,processed_results/comparison.json,eeade060244f77bb38f9fffdfa9f97294af54c7755a8316561d052b0f558c932
E18-R1,6383676a3491dc82d70f2db20cdafb942e5c588a,2e45b38009592e50,R1-v2-runlocal,P3,20261025,clean,ticks 1-200,200,3.417580,200,0,0.000000,False,3.396629,0.014404,3.391392,0.004741,-0.005237,-0.026189,raw_results/clean_runlocal.json,processed_results/comparison.json,eeade060244f77bb38f9fffdfa9f97294af54c7755a8316561d052b0f558c932
E18-R1,6383676a3491dc82d70f2db20cdafb942e5c588a,2e45b38009592e50,R1-v2-runlocal,P3,20261026,clean,ticks 1-200,200,3.390721,200,4,0.020000,False,3.376354,0.014759,3.379209,0.003886,0.002855,-0.011511,raw_results/clean_runlocal.json,processed_results/comparison.json,eeade060244f77bb38f9fffdfa9f97294af54c7755a8316561d052b0f558c932
E18-R1,6383676a3491dc82d70f2db20cdafb942e5c588a,2e45b38009592e50,R1-v2-runlocal,P3,20261027,clean,ticks 1-200,200,3.401127,200,0,0.000000,False,3.377086,0.017841,3.376335,0.004593,-0.000751,-0.024792,raw_results/clean_runlocal.json,processed_results/comparison.json,eeade060244f77bb38f9fffdfa9f97294af54c7755a8316561d052b0f558c932
E18-R1,6383676a3491dc82d70f2db20cdafb942e5c588a,2e45b38009592e50,R1-v2-runlocal,P3,20261028,clean,ticks 1-200,200,3.423026,200,0,0.000000,False,3.397401,0.016247,3.391582,0.004479,-0.005819,-0.031443,raw_results/clean_runlocal.json,processed_results/comparison.json,eeade060244f77bb38f9fffdfa9f97294af54c7755a8316561d052b0f558c932
E18-R1,6383676a3491dc82d70f2db20cdafb942e5c588a,2e45b38009592e50,R1-v2-runlocal,P3,20261029,clean,ticks 1-200,200,3.386969,200,1,0.005000,False,3.373680,0.013984,3.376052,0.002788,0.002372,-0.010917,raw_results/clean_runlocal.json,processed_results/comparison.json,eeade060244f77bb38f9fffdfa9f97294af54c7755a8316561d052b0f558c932
E18-R1,6383676a3491dc82d70f2db20cdafb942e5c588a,2e45b38009592e50,R1-v2-runlocal,P3,20261030,clean,ticks 1-200,200,3.384027,200,13,0.065000,True,3.376813,0.012438,3.378727,0.003619,0.001914,-0.005299,raw_results/clean_runlocal.json,processed_results/comparison.json,eeade060244f77bb38f9fffdfa9f97294af54c7755a8316561d052b0f558c932
