policy,fault,severity,stage,n,mean,median,sd,ci_lo,ci_hi,min,max,validity
P1,imu_dropout,suppress IMU,L1,30,0.997500,0.997500,0.000000,0.997500,0.997500,0.997500,0.997500,VALID
P1,imu_dropout,suppress IMU,L2a,30,0.803736,0.860000,0.138368,0.723375,0.889912,0.502525,0.999750,VALID
P1,imu_dropout,suppress IMU,L2b,30,0.792771,0.758175,0.152074,0.712625,0.908375,0.518400,0.993150,VALID
P1,imu_dropout,suppress IMU,L3,30,0.803556,0.859919,0.138730,0.723712,0.889663,0.502212,0.999750,VALID
P1,imu_dropout,suppress IMU,L6,30,0.729727,0.736938,0.117037,0.675225,0.776650,0.520325,0.988300,VALID
P1,imu_dropout,suppress IMU,L7,30,0.578083,0.531250,0.128527,0.505000,0.550000,0.500000,0.967500,VALID
P1,imu_dropout,suppress IMU,L8,30,0.987500,0.987500,0.000000,0.987500,0.987500,0.987500,0.987500,VALID
P1,position_bias,1.0 m,L1,30,1.000000,1.000000,0.000000,1.000000,1.000000,1.000000,1.000000,INVALID
P1,position_bias,1.0 m,L2a,30,0.500000,0.500000,0.000000,0.500000,0.500000,0.500000,0.500000,INVALID
P1,position_bias,1.0 m,L2b,30,0.500000,0.500000,0.000000,0.500000,0.500000,0.500000,0.500000,INVALID
P1,position_bias,1.0 m,L3,30,0.500000,0.500000,0.000000,0.500000,0.500000,0.500000,0.500000,INVALID
P1,position_bias,1.0 m,L6,30,0.500000,0.500000,0.000000,0.500000,0.500000,0.500000,0.500000,INVALID
P1,position_bias,1.0 m,L7,30,0.500000,0.500000,0.000000,0.500000,0.500000,0.500000,0.500000,INVALID
P1,position_bias,1.0 m,L8,30,0.500000,0.500000,0.000000,0.500000,0.500000,0.500000,0.500000,INVALID
P1,position_drift,2.0 m final,L1,30,0.969677,0.970025,0.008172,0.966862,0.972338,0.947662,0.984938,INVALID
P1,position_drift,2.0 m final,L2a,30,0.500000,0.500000,0.000000,0.500000,0.500000,0.500000,0.500000,INVALID
P1,position_drift,2.0 m final,L2b,30,0.500000,0.500000,0.000000,0.500000,0.500000,0.500000,0.500000,INVALID
P1,position_drift,2.0 m final,L3,30,0.500000,0.500000,0.000000,0.500000,0.500000,0.500000,0.500000,INVALID
P1,position_drift,2.0 m final,L6,30,0.500000,0.500000,0.000000,0.500000,0.500000,0.500000,0.500000,INVALID
P1,position_drift,2.0 m final,L7,30,0.500000,0.500000,0.000000,0.500000,0.500000,0.500000,0.500000,INVALID
P1,position_drift,2.0 m final,L8,30,0.500000,0.500000,0.000000,0.500000,0.500000,0.500000,0.500000,INVALID
P1,speed_stuck,hold,L1,30,0.934333,0.962500,0.086388,0.920000,0.982500,0.612500,0.997500,VALID
P1,speed_stuck,hold,L2a,30,0.564096,0.562887,0.007689,0.560903,0.565837,0.552812,0.584062,VALID
P1,speed_stuck,hold,L2b,30,0.534705,0.529988,0.022768,0.519062,0.537800,0.500163,0.578113,VALID
P1,speed_stuck,hold,L3,30,0.562636,0.561312,0.007721,0.558213,0.565662,0.551500,0.582187,VALID
P1,speed_stuck,hold,L6,30,0.521176,0.513275,0.019206,0.506962,0.532138,0.500263,0.559787,VALID
P1,speed_stuck,hold,L7,30,0.500417,0.500000,0.000948,0.500000,0.500000,0.500000,0.502500,VALID
P1,speed_stuck,hold,L8,30,0.500000,0.500000,0.000000,0.500000,0.500000,0.500000,0.500000,VALID
P1,speed_bias,3.0 m/s,L1,30,1.000000,1.000000,0.000000,1.000000,1.000000,1.000000,1.000000,VALID
P1,speed_bias,3.0 m/s,L2a,30,0.518378,0.515750,0.010868,0.511075,0.522625,0.500575,0.538725,VALID
P1,speed_bias,3.0 m/s,L2b,30,0.686151,0.682988,0.026683,0.670550,0.700425,0.625125,0.733000,VALID
P1,speed_bias,3.0 m/s,L3,30,0.514055,0.511000,0.010213,0.505700,0.518275,0.501138,0.534137,VALID
P1,speed_bias,3.0 m/s,L6,30,0.619157,0.628663,0.069909,0.567275,0.659863,0.507725,0.733425,VALID
P1,speed_bias,3.0 m/s,L7,30,0.500583,0.500000,0.001075,0.500000,0.500000,0.500000,0.502500,VALID
P1,speed_bias,3.0 m/s,L8,30,0.500000,0.500000,0.000000,0.500000,0.500000,0.500000,0.500000,VALID
P1,lateral_noise,sigma x25,L1,30,0.998644,0.999425,0.001776,0.998850,0.999788,0.994775,1.000000,VALID
P1,lateral_noise,sigma x25,L2a,30,0.978692,0.979350,0.006859,0.976950,0.981500,0.959700,0.990950,VALID
P1,lateral_noise,sigma x25,L2b,30,0.925550,0.934962,0.046850,0.911900,0.948862,0.818400,0.990300,VALID
P1,lateral_noise,sigma x25,L3,30,0.978537,0.978706,0.006833,0.976714,0.981437,0.959812,0.990875,VALID
P1,lateral_noise,sigma x25,L6,30,0.646697,0.655025,0.093657,0.567675,0.700025,0.505025,0.836650,VALID
P1,lateral_noise,sigma x25,L7,30,0.813333,0.796250,0.102714,0.725000,0.842500,0.672500,0.980000,VALID
P1,lateral_noise,sigma x25,L8,30,0.806167,0.866250,0.136863,0.733311,0.897500,0.535000,0.977500,VALID
P2,imu_dropout,suppress IMU,L1,30,0.997500,0.997500,0.000000,0.997500,0.997500,0.997500,0.997500,VALID
P2,imu_dropout,suppress IMU,L2a,30,0.791151,0.801187,0.141959,0.694075,0.879400,0.502900,0.994150,VALID
P2,imu_dropout,suppress IMU,L2b,30,0.818897,0.845538,0.153016,0.744900,0.922513,0.528750,0.999850,VALID
P2,imu_dropout,suppress IMU,L3,30,0.788520,0.801913,0.140484,0.692813,0.872587,0.502138,0.994250,VALID
P2,imu_dropout,suppress IMU,L6,30,0.773228,0.803350,0.184121,0.635437,0.913275,0.508725,1.000000,VALID
P2,imu_dropout,suppress IMU,L7,30,0.539417,0.502500,0.059334,0.500000,0.525000,0.500000,0.697500,VALID
P2,imu_dropout,suppress IMU,L8,30,0.567417,0.500000,0.119702,0.500000,0.512500,0.500000,0.900000,VALID
P2,position_bias,1.0 m,L1,30,1.000000,1.000000,0.000000,1.000000,1.000000,1.000000,1.000000,INVALID
P2,position_bias,1.0 m,L2a,30,0.500000,0.500000,0.000000,0.500000,0.500000,0.500000,0.500000,INVALID
P2,position_bias,1.0 m,L2b,30,0.500000,0.500000,0.000000,0.500000,0.500000,0.500000,0.500000,INVALID
P2,position_bias,1.0 m,L3,30,0.500000,0.500000,0.000000,0.500000,0.500000,0.500000,0.500000,INVALID
P2,position_bias,1.0 m,L6,30,0.500000,0.500000,0.000000,0.500000,0.500000,0.500000,0.500000,INVALID
P2,position_bias,1.0 m,L7,30,0.500000,0.500000,0.000000,0.500000,0.500000,0.500000,0.500000,INVALID
P2,position_bias,1.0 m,L8,30,0.500000,0.500000,0.000000,0.500000,0.500000,0.500000,0.500000,INVALID
P2,position_drift,2.0 m final,L1,30,0.969418,0.969512,0.006030,0.966413,0.971475,0.959363,0.982263,INVALID
P2,position_drift,2.0 m final,L2a,30,0.500000,0.500000,0.000000,0.500000,0.500000,0.500000,0.500000,INVALID
P2,position_drift,2.0 m final,L2b,30,0.500000,0.500000,0.000000,0.500000,0.500000,0.500000,0.500000,INVALID
P2,position_drift,2.0 m final,L3,30,0.500000,0.500000,0.000000,0.500000,0.500000,0.500000,0.500000,INVALID
P2,position_drift,2.0 m final,L6,30,0.500000,0.500000,0.000000,0.500000,0.500000,0.500000,0.500000,INVALID
P2,position_drift,2.0 m final,L7,30,0.500000,0.500000,0.000000,0.500000,0.500000,0.500000,0.500000,INVALID
P2,position_drift,2.0 m final,L8,30,0.500000,0.500000,0.000000,0.500000,0.500000,0.500000,0.500000,INVALID
P2,speed_stuck,hold,L1,30,0.822000,0.875000,0.164659,0.707500,0.950000,0.527500,0.997500,VALID
P2,speed_stuck,hold,L2a,30,0.713873,0.673000,0.126439,0.646338,0.721988,0.521737,0.969487,VALID
P2,speed_stuck,hold,L2b,30,0.595861,0.551988,0.109459,0.532312,0.593487,0.504988,0.942863,VALID
P2,speed_stuck,hold,L3,30,0.713952,0.672544,0.126223,0.646602,0.721919,0.517713,0.969912,VALID
P2,speed_stuck,hold,L6,30,0.738353,0.720687,0.171088,0.592888,0.824500,0.509337,0.992138,VALID
P2,speed_stuck,hold,L7,30,0.557583,0.511250,0.077408,0.500000,0.550000,0.500000,0.722500,VALID
P2,speed_stuck,hold,L8,30,0.521917,0.500000,0.050671,0.500000,0.502500,0.500000,0.702500,VALID
P2,speed_bias,3.0 m/s,L1,30,0.867797,1.000000,0.194437,0.704980,1.000000,0.506350,1.000000,VALID
P2,speed_bias,3.0 m/s,L2a,30,0.615016,0.597337,0.106293,0.586000,0.607550,0.511500,0.975975,VALID
P2,speed_bias,3.0 m/s,L2b,30,0.565391,0.542075,0.064294,0.525300,0.561862,0.505925,0.740875,VALID
P2,speed_bias,3.0 m/s,L3,30,0.619861,0.602775,0.107575,0.595762,0.614362,0.504212,0.981962,VALID
P2,speed_bias,3.0 m/s,L6,30,0.863402,0.993788,0.195088,0.842950,1.000000,0.505300,1.000000,VALID
P2,speed_bias,3.0 m/s,L7,30,0.655417,0.680000,0.071227,0.637500,0.702500,0.502500,0.757500,VALID
P2,speed_bias,3.0 m/s,L8,30,0.517583,0.500000,0.043463,0.500000,0.505000,0.500000,0.710000,VALID
P2,lateral_noise,sigma x25,L1,30,0.963960,0.991025,0.049839,0.956854,0.999262,0.833050,1.000000,VALID
P2,lateral_noise,sigma x25,L2a,30,0.895043,0.944813,0.090897,0.846550,0.961413,0.676700,0.995275,VALID
P2,lateral_noise,sigma x25,L2b,30,0.654585,0.532094,0.180699,0.519275,0.731925,0.500000,0.989125,VALID
P2,lateral_noise,sigma x25,L3,30,0.886495,0.943919,0.105789,0.839612,0.961444,0.608062,0.995287,VALID
P2,lateral_noise,sigma x25,L6,30,0.849210,0.916550,0.143395,0.820600,0.935625,0.527325,0.991850,VALID
P2,lateral_noise,sigma x25,L7,30,0.537083,0.502500,0.059426,0.500000,0.502500,0.500000,0.700000,VALID
P2,lateral_noise,sigma x25,L8,30,0.570500,0.500000,0.120456,0.500000,0.540000,0.500000,0.882500,VALID
P3,imu_dropout,suppress IMU,L1,30,0.997500,0.997500,0.000000,0.997500,0.997500,0.997500,0.997500,VALID
P3,imu_dropout,suppress IMU,L2a,30,0.763319,0.802650,0.128767,0.691975,0.831150,0.543900,0.999300,VALID
P3,imu_dropout,suppress IMU,L2b,30,0.678571,0.633563,0.152876,0.571975,0.720625,0.500300,0.983100,VALID
P3,imu_dropout,suppress IMU,L3,30,0.763251,0.802631,0.128837,0.690937,0.831163,0.543813,0.999300,VALID
P3,imu_dropout,suppress IMU,L6,30,0.707269,0.709200,0.154381,0.594650,0.774775,0.503300,0.999500,VALID
P3,imu_dropout,suppress IMU,L7,30,0.507250,0.500000,0.016846,0.500000,0.502500,0.500000,0.570000,VALID
P3,imu_dropout,suppress IMU,L8,30,0.987500,0.987500,0.000000,0.987500,0.987500,0.987500,0.987500,VALID
P3,position_bias,1.0 m,L1,30,1.000000,1.000000,0.000000,1.000000,1.000000,1.000000,1.000000,INVALID
P3,position_bias,1.0 m,L2a,30,0.500000,0.500000,0.000000,0.500000,0.500000,0.500000,0.500000,INVALID
P3,position_bias,1.0 m,L2b,30,0.500000,0.500000,0.000000,0.500000,0.500000,0.500000,0.500000,INVALID
P3,position_bias,1.0 m,L3,30,0.500000,0.500000,0.000000,0.500000,0.500000,0.500000,0.500000,INVALID
P3,position_bias,1.0 m,L6,30,0.500000,0.500000,0.000000,0.500000,0.500000,0.500000,0.500000,INVALID
P3,position_bias,1.0 m,L7,30,0.500000,0.500000,0.000000,0.500000,0.500000,0.500000,0.500000,INVALID
P3,position_bias,1.0 m,L8,30,0.500000,0.500000,0.000000,0.500000,0.500000,0.500000,0.500000,INVALID
P3,position_drift,2.0 m final,L1,30,0.969682,0.970850,0.010430,0.968762,0.974087,0.938462,0.985062,INVALID
P3,position_drift,2.0 m final,L2a,30,0.500000,0.500000,0.000000,0.500000,0.500000,0.500000,0.500000,INVALID
P3,position_drift,2.0 m final,L2b,30,0.500000,0.500000,0.000000,0.500000,0.500000,0.500000,0.500000,INVALID
P3,position_drift,2.0 m final,L3,30,0.500000,0.500000,0.000000,0.500000,0.500000,0.500000,0.500000,INVALID
P3,position_drift,2.0 m final,L6,30,0.500000,0.500000,0.000000,0.500000,0.500000,0.500000,0.500000,INVALID
P3,position_drift,2.0 m final,L7,30,0.500000,0.500000,0.000000,0.500000,0.500000,0.500000,0.500000,INVALID
P3,position_drift,2.0 m final,L8,30,0.500000,0.500000,0.000000,0.500000,0.500000,0.500000,0.500000,INVALID
P3,speed_stuck,hold,L1,30,0.971833,0.987500,0.044581,0.977500,0.992500,0.777500,0.997500,VALID
P3,speed_stuck,hold,L2a,30,0.559132,0.558612,0.006981,0.554737,0.561087,0.546913,0.574912,VALID
P3,speed_stuck,hold,L2b,30,0.518558,0.508738,0.024224,0.504463,0.513688,0.500112,0.589213,VALID
P3,speed_stuck,hold,L3,30,0.558195,0.557588,0.007136,0.554344,0.560775,0.545150,0.574175,VALID
P3,speed_stuck,hold,L6,30,0.643697,0.630425,0.065647,0.614113,0.663188,0.515837,0.806137,VALID
P3,speed_stuck,hold,L7,30,0.500000,0.500000,0.000000,0.500000,0.500000,0.500000,0.500000,VALID
P3,speed_stuck,hold,L8,30,0.500000,0.500000,0.000000,0.500000,0.500000,0.500000,0.500000,VALID
P3,speed_bias,3.0 m/s,L1,30,1.000000,1.000000,0.000000,1.000000,1.000000,1.000000,1.000000,VALID
P3,speed_bias,3.0 m/s,L2a,30,0.519509,0.513175,0.015766,0.508625,0.525550,0.500100,0.552000,VALID
P3,speed_bias,3.0 m/s,L2b,30,0.667500,0.620888,0.122044,0.589900,0.698000,0.504650,0.899900,VALID
P3,speed_bias,3.0 m/s,L3,30,0.515368,0.508331,0.014411,0.504725,0.521875,0.500275,0.545737,VALID
P3,speed_bias,3.0 m/s,L6,30,0.884515,0.962950,0.145779,0.901125,0.972475,0.571450,0.995125,VALID
P3,speed_bias,3.0 m/s,L7,30,0.500083,0.500000,0.000456,0.500000,0.500000,0.500000,0.502500,VALID
P3,speed_bias,3.0 m/s,L8,30,0.500000,0.500000,0.000000,0.500000,0.500000,0.500000,0.500000,VALID
P3,lateral_noise,sigma x25,L1,30,0.999546,1.000000,0.000819,0.999183,1.000000,0.996475,1.000000,VALID
P3,lateral_noise,sigma x25,L2a,30,0.979107,0.979863,0.007286,0.977800,0.982425,0.958225,0.988775,VALID
P3,lateral_noise,sigma x25,L2b,30,0.898191,0.900850,0.060790,0.876525,0.932125,0.752938,0.983725,VALID
P3,lateral_noise,sigma x25,L3,30,0.979129,0.980075,0.007268,0.977869,0.982463,0.958175,0.988712,VALID
P3,lateral_noise,sigma x25,L6,30,0.981552,0.988363,0.020691,0.980025,0.994175,0.916925,0.999675,VALID
P3,lateral_noise,sigma x25,L7,30,0.800583,0.765000,0.096690,0.741250,0.795000,0.685000,0.987500,VALID
P3,lateral_noise,sigma x25,L8,30,0.784250,0.845000,0.147752,0.690000,0.881250,0.500000,0.977500,VALID
