policy,fault,seed,l6_score_clean,l6_score_faulted,l6_shift,l6_threshold,l6_headroom,l6_shift_over_headroom,could_fire
P1,imu_dropout,20260731,3.690792551896855,3.6843309458210194,0.006461606075835569,5.412578837600879,1.7217862857040243,0.003752850240175697,False
P1,imu_dropout,20260732,3.6888981252003954,3.678185882117346,0.010712243083049522,5.4155919679809195,1.726693842780524,0.0062039041419174904,False
P1,imu_dropout,20260733,3.684551102739479,3.6815403386038397,0.0030107641356393877,5.4103874700517585,1.7258363673122794,0.0017445246795489554,False
P1,imu_dropout,20260734,3.685133162102386,3.6786070424253525,0.006526119677033648,5.410935311939038,1.7258021498366523,0.00378149933215192,False
P1,imu_dropout,20260735,3.6857761006494174,3.685023175639951,0.000752925009466221,5.424083517233762,1.7383074165843446,0.0004331368561641802,False
P1,imu_dropout,20260736,3.6864218895813496,3.6701657463695723,0.016256143211777374,5.409291786277199,1.7228698966958498,0.009435502496708366,False
P1,imu_dropout,20260737,3.68792835473963,3.685459900830533,0.0024684539090968904,5.4197007821355205,1.7317724273958905,0.0014253916219285037,False
P1,imu_dropout,20260738,3.688439486170698,3.675724160508545,0.012715325662153276,5.41120923288268,1.7227697467119816,0.007380745852091555,False
P1,imu_dropout,20260739,3.684810992818916,3.6809717457668567,0.0038392470520594024,5.395321818151555,1.7105108253326393,0.0022445032181031607,False
P1,imu_dropout,20260740,3.688781106508047,3.682195325665387,0.006585780842659705,5.41997470307916,1.7311935965711132,0.0038041850753744847,False
P1,speed_stuck,20260731,3.690792551896855,3.6922120634564033,0.0014195115595483365,5.410661390995399,1.719868839098544,0.0008253603573004804,False
P1,speed_stuck,20260732,3.6888981252003954,3.689547872553266,0.000649747352870822,5.429835857050202,1.7409377318498067,0.00037321688247887123,False
P1,speed_stuck,20260733,3.684551102739479,3.684811075789215,0.00025997304973612856,5.429835857050202,1.745284754310723,0.00014895738308262564,False
P1,speed_stuck,20260734,3.685133162102386,3.685170747954386,3.758585199964415e-05,5.42079646591008,1.7356633038076934,2.1655036387062175e-05,False
P1,speed_stuck,20260735,3.6857761006494174,3.685846453755846,7.035310642855563e-05,5.429561936106563,1.7437858354571452,4.034503836310386e-05,False
P1,speed_stuck,20260736,3.6864218895813496,3.6868747228238217,0.0004528332424720283,5.426548805726521,1.7401269161451718,0.0002602300086680863,False
P1,speed_stuck,20260737,3.68792835473963,3.688178247595647,0.0002498928560168423,5.429835857050202,1.7419075023105721,0.00014345931439262372,False
P1,speed_stuck,20260738,3.688439486170698,3.68884915774369,0.0004096715729917655,5.429835857050202,1.741396370879504,0.00023525463808383735,False
P1,speed_stuck,20260739,3.684810992818916,3.6850858605051555,0.0002748676862394106,5.429835857050202,1.745024864231286,0.00015751505429723183,False
P1,speed_stuck,20260740,3.688781106508047,3.689681252777451,0.0009001462694042672,5.427370568557442,1.738589462049395,0.0005177451543639307,False
P1,speed_bias,20260731,3.690792551896855,3.684398390346404,0.006394161550451027,5.41038747005176,1.7195949181549053,0.003718411518284695,False
P1,speed_bias,20260732,3.6888981252003954,3.6838694152560065,0.005028709944388865,5.429835857050202,1.7409377318498067,0.00288850649416719,False
P1,speed_bias,20260733,3.684551102739479,3.686349634722896,0.00179853198341684,5.429835857050202,1.745284754310723,0.0010305091928263285,False
P1,speed_bias,20260734,3.685133162102386,3.685650150579624,0.0005169884772380229,5.429835857050202,1.744702694947816,0.0002963189537879897,False
P1,speed_bias,20260735,3.6857761006494174,3.6840239728466053,0.0017521278028120868,5.429835857050202,1.7440597564007847,0.001004626014895242,False
P1,speed_bias,20260736,3.6864218895813496,3.6831244877835694,0.003297401797780264,5.4276444895010805,1.7412225999197308,0.0018937278886296742,False
P1,speed_bias,20260737,3.68792835473963,3.6846007903698172,0.003327564369812741,5.429835857050202,1.7419075023105721,0.001910299120589846,False
P1,speed_bias,20260738,3.688439486170698,3.6842902074294295,0.0041492787412686916,5.429835857050202,1.741396370879504,0.0023827307847053055,False
P1,speed_bias,20260739,3.684810992818916,3.687063752793466,0.0022527599745498783,5.429835857050202,1.745024864231286,0.0012909615334004186,False
P1,speed_bias,20260740,3.688781106508047,3.684334697592301,0.004446408915745881,5.428192331388361,1.7394112248803144,0.002556272405366264,False
P1,lateral_noise,20260731,3.690792551896855,3.8290917648080245,0.13829921291116953,5.403539446460757,1.7127468945639017,0.08074702301321829,False
P1,lateral_noise,20260732,3.6888981252003954,3.6693452006015526,0.019552924598842836,5.4098396281644785,1.720941502964083,0.011361760155801714,False
P1,lateral_noise,20260733,3.684551102739479,3.6890384053438323,0.0044873026043532604,5.412578837600879,1.7280277348614002,0.0025967769578149587,False
P1,lateral_noise,20260734,3.685133162102386,3.9011910423719303,0.2160578802695441,5.412578837600879,1.727445675498493,0.12507361784745893,False
P1,lateral_noise,20260735,3.6857761006494174,3.9352823302930346,0.24950622964361724,5.412030995713598,1.726254895064181,0.14453614605642626,False
P1,lateral_noise,20260736,3.6864218895813496,3.7982317049976224,0.11180981541627277,5.407100418728078,1.7206785291467281,0.06498007240882958,False
P1,lateral_noise,20260737,3.68792835473963,4.019308050316537,0.3313796955769073,5.409565707220838,1.721637352481208,0.19247938312869772,False
P1,lateral_noise,20260738,3.688439486170698,4.0005429435110536,0.3121034573403554,5.406552576840798,1.7181130906700997,0.18165478107068528,False
P1,lateral_noise,20260739,3.684810992818916,3.6675363114546293,0.01727468136428678,5.412304916657239,1.7274939238383227,0.009999850723586992,False
P1,lateral_noise,20260740,3.688781106508047,3.664040501984756,0.024740604523290965,5.410935311939038,1.7221542054309915,0.014366079672348103,False
P2,imu_dropout,20260731,4.47754456726936,4.09655179282306,0.3809927744463,5.408743944389919,0.9311993771205582,0.40914199881060975,False
P2,imu_dropout,20260732,4.4965953992696805,4.145098750336551,0.3514966489331295,5.407648260615358,0.9110528613456772,0.3858136710244769,False
P2,imu_dropout,20260733,5.6240527366345665,4.645256940175627,0.9787957964589395,5.410113549108119,-0.21393918752644758,nan,True
P2,imu_dropout,20260734,5.555243047410046,5.512398374317686,0.04284467309235929,5.42107038685372,-0.1341726605563256,nan,True
P2,imu_dropout,20260735,5.545962255428066,5.821623627861754,0.2756613724336887,5.402443762686196,-0.14351849274186979,nan,True
P2,imu_dropout,20260736,5.493594934373237,5.51350952906794,0.01991459469470236,5.398061027587958,-0.0955339067852794,nan,True
P2,imu_dropout,20260737,5.566280412852985,5.569508347236161,0.0032279343831760343,5.406278655897158,-0.1600017569558263,nan,True
P2,imu_dropout,20260738,5.166255725232572,4.038361407835894,1.1278943173966782,5.4161398098682,0.24988408463562806,4.513670084436682,True
P2,imu_dropout,20260739,4.773245174728476,3.4555904490600344,1.3176547256684419,5.41120923288268,0.6379640581542034,2.06540589368116,True
P2,imu_dropout,20260740,4.7893325626728025,4.483380145856134,0.30595241681666874,5.41120923288268,0.6218766702098772,0.49198246448674915,False
P2,speed_stuck,20260731,4.47754456726936,4.160489449660442,0.317055117608918,5.406004734953518,0.9284601676841575,0.3414848893299787,False
P2,speed_stuck,20260732,4.4965953992696805,4.139242486223506,0.35735291304617434,5.41175707476996,0.9151616755002792,0.39048063594973537,False
P2,speed_stuck,20260733,5.6240527366345665,4.421488146511429,1.2025645901231377,5.41120923288268,-0.21284350375188676,nan,True
P2,speed_stuck,20260734,5.555243047410046,5.87813084749402,0.3228878000839748,5.4150441260936395,-0.1401989213164061,nan,True
P2,speed_stuck,20260735,5.545962255428066,5.53960746402734,0.006354791400725368,5.416413730811839,-0.12954852461622668,nan,True
P2,speed_stuck,20260736,5.493594934373237,5.754085736748639,0.26049080237540156,5.4098396281644785,-0.08375530620875882,nan,True
P2,speed_stuck,20260737,5.566280412852985,5.572753208819043,0.006472795966057987,5.414222363262719,-0.15205804959026548,nan,True
P2,speed_stuck,20260738,5.166255725232572,4.15022298618336,1.016032739049212,5.41120923288268,0.24495350765010748,4.147859521573037,True
P2,speed_stuck,20260739,4.773245174728476,4.1365754339526015,0.6366697407758748,5.41120923288268,0.6379640581542034,0.9979711750814404,False
P2,speed_stuck,20260740,4.7893325626728025,4.182372305985559,0.6069602566872438,5.408470023446277,0.6191374607734748,0.9803319862587249,False
P2,speed_bias,20260731,4.47754456726936,4.1992528959857305,0.27829167128362986,5.416413730811839,0.9388691635424786,0.29641155774421035,False
P2,speed_bias,20260732,4.4965953992696805,4.180832255944991,0.31576314332468947,5.418331177417319,0.9217357781476387,0.3425744674458239,False
P2,speed_bias,20260733,5.6240527366345665,4.4719363827051435,1.152116353929423,5.408196102502639,-0.2158566341319279,nan,True
P2,speed_bias,20260734,5.555243047410046,4.482858436803164,1.072384610606882,5.418057256473681,-0.13718579093636496,nan,True
P2,speed_bias,20260735,5.545962255428066,4.492356075748618,1.0536061796794476,5.4197007821355205,-0.1262614732925451,nan,True
P2,speed_bias,20260736,5.493594934373237,4.481155590915272,1.0124393434579657,5.410661390995399,-0.08293354337783843,nan,True
P2,speed_bias,20260737,5.566280412852985,4.494970084609187,1.071310328243798,5.413948442319079,-0.1523319705339059,nan,True
P2,speed_bias,20260738,5.166255725232572,4.258341080053691,0.9079146451788809,5.410661390995399,0.24440566576282663,3.7147855895449213,True
P2,speed_bias,20260739,4.773245174728476,4.147583049337047,0.625662125391429,5.42271391251556,0.6494687377870836,0.9633444829434435,False
P2,speed_bias,20260740,4.7893325626728025,4.4530542270683044,0.33627833560449805,5.406278655897158,0.6169460932243558,0.545069235866299,False
P2,lateral_noise,20260731,4.47754456726936,5.561895636189881,1.0843510689205207,5.4161398098682,0.93859524259884,1.1552914607984834,True
P2,lateral_noise,20260732,4.4965953992696805,5.223543553179013,0.7269481539093325,5.4144962842063595,0.917900884936679,0.7919680281814749,False
P2,lateral_noise,20260733,5.6240527366345665,6.101966296975218,0.47791356034065124,5.41696157269912,-0.2070911639354467,nan,True
P2,lateral_noise,20260734,5.555243047410046,5.235081758296231,0.32016128911381436,5.412578837600879,-0.1426642098091664,nan,True
P2,lateral_noise,20260735,5.545962255428066,5.211365973309612,0.3345962821184534,5.413126679488159,-0.13283557593990647,nan,True
P2,lateral_noise,20260736,5.493594934373237,5.245821587407172,0.24777334696606523,5.410113549108119,-0.08348138526511839,nan,True
P2,lateral_noise,20260737,5.566280412852985,4.454554918081207,1.1117254947717772,5.41367452137544,-0.15260589147754455,nan,True
P2,lateral_noise,20260738,5.166255725232572,5.460746858148671,0.2944911329160984,5.4150441260936395,0.24878840086106724,1.1837012171662828,True
P2,lateral_noise,20260739,4.773245174728476,3.952153818440105,0.8210913562883713,5.414770205149999,0.6415250304215228,1.2799054087552313,True
P2,lateral_noise,20260740,4.7893325626728025,3.261548684813842,1.5277838778589605,5.4155919679809195,0.626259405308117,2.4395384163648566,True
P3,imu_dropout,20260731,3.3927087339501067,3.39665510604289,0.003946372092783257,5.402717683629837,2.0100089496797304,0.001963360458376099,False
P3,imu_dropout,20260732,3.388345691744722,3.4040334012340407,0.015687709489318635,5.41120923288268,2.0228635411379576,0.007755199087968904,False
P3,imu_dropout,20260733,3.376848410450094,3.385080208170061,0.008231797719966849,5.411483153826319,2.034634743376225,0.004045835620749893,False
P3,imu_dropout,20260734,3.3774112482619127,3.382898719954124,0.005487471692211088,5.414770205150001,2.037358956888088,0.002693424088896336,False
P3,imu_dropout,20260735,3.3800772028813033,3.389717905680753,0.00964070279944984,5.404361209291678,2.0242840064103746,0.0047625248082385045,False
P3,imu_dropout,20260736,3.384929446500751,3.384799345573632,0.00013010092711907006,5.408470023446277,2.023540576945526,6.429370806858418e-05,False
P3,imu_dropout,20260737,3.3843647037555917,3.3840193537817056,0.0003453499738861332,5.429835857050202,2.0454711532946104,0.00016883639416272533,False
P3,imu_dropout,20260738,3.3854317721470433,3.3929291332600204,0.007497361112977163,5.4144962842063595,2.0290645120593163,0.0036949841015000663,False
P3,imu_dropout,20260739,3.3765602823648133,3.3771506216775196,0.0005903393127062451,5.428192331388361,2.051632049023548,0.00028774131939848113,False
P3,imu_dropout,20260740,3.3861508808385707,3.3853029879413747,0.0008478928971960009,5.41285275854452,2.026701877705949,0.00041836093730556086,False
P3,speed_stuck,20260731,3.3927087339501067,3.395160638261956,0.0024519043118491624,5.410113549108119,2.017404815158012,0.0012153754632815816,False
P3,speed_stuck,20260732,3.388345691744722,3.3895329029601875,0.001187211215465389,5.429835857050202,2.04149016530548,0.0005815414816302775,False
P3,speed_stuck,20260733,3.376848410450094,3.3758406829948457,0.0010077274552484639,5.429835857050202,2.052987446600108,0.0004908590439348919,False
P3,speed_stuck,20260734,3.3774112482619127,3.376241543062548,0.0011697051993646568,5.424083517233761,2.0466722689718484,0.0005715156339868041,False
P3,speed_stuck,20260735,3.3800772028813033,3.3795785539925545,0.0004986488887488427,5.429835857050202,2.049758654168899,0.00024327200069855365,False
P3,speed_stuck,20260736,3.384929446500751,3.385479009559649,0.0005495630588980838,5.427370568557442,2.0424411220566907,0.0002690716774957442,False
P3,speed_stuck,20260737,3.3843647037555917,3.3851020122351416,0.0007373084795498919,5.429835857050202,2.0454711532946104,0.00036045899662887933,False
P3,speed_stuck,20260738,3.3854317721470433,3.38604253872535,0.0006107665783066096,5.429835857050202,2.044404084903159,0.00029875041965372564,False
P3,speed_stuck,20260739,3.3765602823648133,3.375413789771004,0.0011464925938091675,5.429835857050202,2.053275574685389,0.0005583724892772065,False
P3,speed_stuck,20260740,3.3861508808385707,3.3872170249843787,0.001066144145807968,5.4276444895010805,2.0414936086625097,0.0005222373174640773,False
P3,speed_bias,20260731,3.3927087339501067,3.37708647221444,0.015622261735666942,5.409565707220838,2.0168569732707313,0.007745845115795377,False
P3,speed_bias,20260732,3.388345691744722,3.3759771239665533,0.01236856777816886,5.429835857050202,2.04149016530548,0.006058597777431898,False
P3,speed_bias,20260733,3.376848410450094,3.375707785005795,0.0011406254442993813,5.429835857050202,2.052987446600108,0.0005555929950708357,False
P3,speed_bias,20260734,3.3774112482619127,3.3760274447494227,0.0013838035124900117,5.429835857050202,2.0524246087882894,0.0006742286691382938,False
P3,speed_bias,20260735,3.3800772028813033,3.374926329456532,0.005150873424771163,5.429835857050202,2.049758654168899,0.0025129170277169294,False
P3,speed_bias,20260736,3.384929446500751,3.375352707987304,0.009576738513447314,5.4276444895010805,2.0427150430003294,0.0046882400686593315,False
P3,speed_bias,20260737,3.3843647037555917,3.3748738724584952,0.009490831297096491,5.429835857050202,2.0454711532946104,0.004639924294121552,False
P3,speed_bias,20260738,3.3854317721470433,3.3751966633010277,0.010235108846015528,5.429835857050202,2.044404084903159,0.005006402071682592,False
P3,speed_bias,20260739,3.3765602823648133,3.3760243496249394,0.0005359327398739566,5.429835857050202,2.053275574685389,0.00026101354658936827,False
P3,speed_bias,20260740,3.3861508808385707,3.3755106573570344,0.01064022348153637,5.428192331388361,2.0420414505497906,0.005210581537740892,False
P3,lateral_noise,20260731,3.3927087339501067,3.580576635054822,0.18786790110471507,5.405730814009878,2.0130220800597716,0.09332629928189204,False
P3,lateral_noise,20260732,3.388345691744722,3.514726643160087,0.12638095141536487,5.4103874700517585,2.0220417783070364,0.06250165192985177,False
P3,lateral_noise,20260733,3.376848410450094,3.549249451834321,0.17240104138422696,5.41285275854452,2.0360043480944254,0.08467616562095445,False
P3,lateral_noise,20260734,3.3774112482619127,3.856274065104893,0.47886281684298027,5.41285275854452,2.035441510282607,0.23526238136731992,False
P3,lateral_noise,20260735,3.3800772028813033,3.5049675916440366,0.12489038876273328,5.413400600431799,2.0333233975504954,0.06142180280480039,False
P3,lateral_noise,20260736,3.384929446500751,3.7167943287186,0.33186488221784893,5.408196102502639,2.0232666560018875,0.16402429271168661,False
P3,lateral_noise,20260737,3.3843647037555917,3.744745275789695,0.36038057203410334,5.41120923288268,2.026844529127088,0.1778037569508651,False
P3,lateral_noise,20260738,3.3854317721470433,3.811139426072194,0.42570765392515053,5.405456893066237,2.0200251209191937,0.21074374249931913,False
P3,lateral_noise,20260739,3.3765602823648133,3.443936754688893,0.06737647232407973,5.412030995713598,2.035470713348785,0.033101175016775855,False
P3,lateral_noise,20260740,3.3861508808385707,3.4626864252439025,0.07653554440533172,5.410935311939039,2.0247844311004686,0.037799354454604694,False
